{
    "accuracy": 0.6917808219178082,
    "precision": 0.10682492581602374,
    "recall": 0.72,
    "f1": 0.18604651162790697,
    "auc_roc": 0.8016460905349794
}