{
    "accuracy": 0.7808219178082192,
    "precision": 0.14344262295081966,
    "recall": 0.7,
    "f1": 0.23809523809523808,
    "auc_roc": 0.8135185185185185
}